﻿<?xml version="1.0" encoding="utf-8" ?>
<autoUpdater>
  <!--升级文件所在服务器端的网址-->
  <URLAddress URL="http://10.9.18.31:8000/DownLoadFiles/"/>
  <!--升级文件信息-->
  <UpdateInfo>
    <!--升级文件的更新日期-->
    <UpdateTime Date="2022-11-22 9:00"/>
    <!--升级文件的版本号-->
    <Version Num="2.4.6"/>
  </UpdateInfo>
  <!--升级文件列表-->
  <UpdateFileList>   
		<UpdateFile Ver="2.4.6" FileName="DAL.dll" ContentLength="227KB"/>
		<UpdateFile Ver="2.4.6" FileName="Models.dll" ContentLength="114KB"/>
		<UpdateFile Ver="2.4.6" FileName="SolidWorksHelper.dll" ContentLength="1510KB"/>
		<UpdateFile Ver="2.4.6" FileName="Common.dll" ContentLength="10KB"/>
		<!--主程序文件-->
		<UpdateFile Ver="2.4.6" FileName="Compass.exe" ContentLength="1815KB"/>
		<!--备用升级程序-->
		<UpdateFile Ver="2.4.6" FileName="UpdateProgram.back.exe" ContentLength="361KB"/>
		<!--xml文件-->
		<UpdateFile Ver="2.4.6" FileName="UpdateList.xml" ContentLength="2KB"/>
		<!--excel文件-->
		<UpdateFile Ver="2.4.6" FileName="JobCard_EngLabel.xlsx" ContentLength="23KB"/>
		<UpdateFile Ver="2.4.6" FileName="JobCard_FinalInspection.xlsx" ContentLength="24KB"/>
		<UpdateFile Ver="2.4.6" FileName="SemiBom.xlsx" ContentLength="11KB"/>
		<UpdateFile Ver="2.4.6" FileName="JobCard.xlsx" ContentLength="39KB"/>
		<UpdateFile Ver="2.4.6" FileName="JobCard_Ceiling.xlsx" ContentLength="29KB"/>
		<UpdateFile Ver="2.4.6" FileName="HoodPackingList.xlsm" ContentLength="41KB"/>
	</UpdateFileList>
<!--暂时不升级文件列表-->
  <NotUpdateFileList>
		<!--DLL文件-->	
		<UpdateFile Ver="2.4.6" FileName="eDrawings.Interop.EModelMarkupControl.dll" ContentLength="20KB"/>
		<UpdateFile Ver="2.4.6" FileName="eDrawings.Interop.EModelViewControl.dll" ContentLength="66KB"/>
		<UpdateFile Ver="2.4.6" FileName="MetroFramework.Design.dll" ContentLength="11KB"/>
		<UpdateFile Ver="2.4.6" FileName="MetroFramework.dll" ContentLength="11KB"/>	
		<UpdateFile Ver="2.4.6" FileName="MetroFramework.Fonts.dll" ContentLength="11KB"/>	
		
		<!--图标文件-->
		<UpdateFile Ver="2.4.6" FileName="compass_64px.ico" ContentLength="1815KB"/>
		
		<!--缺省图文件-->
		<UpdateFile Ver="2.4.6" FileName="NoPic.png" ContentLength="1815KB"/>
		
		<!--excel文件-->
		
		<UpdateFile Ver="2.4.6" FileName="CeilingPackingList.xlsx" ContentLength="5KB"/>
		<UpdateFile Ver="2.4.6" FileName="CeilingLabel.xlsx" ContentLength="5KB"/>		
		<UpdateFile Ver="2.4.6" FileName="CutList.xlsx" ContentLength="11KB"/>
		<UpdateFile Ver="2.4.6" FileName="Cutlist导入模板.xlsx" ContentLength="10KB"/>
		<UpdateFile Ver="2.4.6" FileName="DrawingNum导入模板.xlsx" ContentLength="13KB"/>
  </NotUpdateFileList>
</autoUpdater>